<?xml version="1.0" encoding="UTF-8"?>
<addon id="plugin.video.thedts" name="Floppi DTS" version="2.2.1" provider-name="Floppi.org">
    <requires>
        <import addon="xbmc.python" version="2.1.0"/>
    </requires>
    <extension point="xbmc.python.pluginsource" library="default.py">
        <provides>video</provides>
    </extension>
    <extension point="xbmc.addon.metadata">
        <platform>all</platform>
        <summary lang="en">Watch Danish Channels</summary>
        <summary lang="da">Se Danske Kanaler</summary> 
        <language>da en</language>
        <description lang="en">Watch Danish Channels</description>
        <description lang="da">Se Danske Kanaler</description>
        <disclaimer lang="en">Only for educational purposes</disclaimer>
        <disclaimer lang="da">Only for educational purposes</disclaimer>
    </extension>
</addon>
